=========================
Rename Log - Tue 29 Jul 15:47:44 BST 2025
=========================
Found 383 .docx files to process

[1/383] RENAMED: 0_An_Introduction_to_Calvinism.docx → 0-An-Introduction-to-Calvinism.docx
[2/383] RENAMED: 10_Free_Will_the_Early_Church_Calvinism.docx → 10-Free-Will-the-Early-Church-Calvinism.docx
[3/383] RENAMED: 10_Questions_for_Trinitarians.docx → 10-Questions-for-Trinitarians.docx
[4/383] RENAMED: 11_Things_Pro_Choicers_Do_Not_Get.docx → 11-Things-Pro-Choicers-Do-Not-Get.docx
[5/383] RENAMED: 16_Pointers_on_How_to_Better_Understand_and_Study_the_Bible.docx → 16-Pointers-on-How-to-Better-Understand-and-Study-the-Bible.docx
[6/383] RENAMED: 1_The_Evolution_of_God_Series.docx → 1-The-Evolution-of-God-Series.docx
[7/383] RENAMED: 1_Total_Depravity_Calvinism.docx → 1-Total-Depravity-Calvinism.docx
[8/383] RENAMED: 20_Benefits_of_Baptism_Which_Cant_Be_Symbolic.docx → 20-Benefits-of-Baptism-Which-Cant-Be-Symbolic.docx
[9/383] RENAMED: 2_Corruption_in_Apostolic_Times_Nicolaitans_and_Cerinthus.docx → 2-Corruption-in-Apostolic-Times-Nicolaitans-and-Cerinthus.docx
[10/383] RENAMED: 2_Unconditional_Election_Calvinism.docx → 2-Unconditional-Election-Calvinism.docx
[11/383] RENAMED: 324_Prophecies_Fulfilled_by_Jesus.docx → 324-Prophecies-Fulfilled-by-Jesus.docx
[12/383] RENAMED: 3_Fragments_of_the_Apostolic_Fathers_Evolution_of_God.docx → 3-Fragments-of-the-Apostolic-Fathers-Evolution-of-God.docx
[13/383] RENAMED: 3_Limited_Atonement_Calvinism.docx → 3-Limited-Atonement-Calvinism.docx
[14/383] RENAMED: 4_Irresistible_Grace_Calvinism.docx → 4-Irresistible-Grace-Calvinism.docx
[15/383] RENAMED: 4_The_Early_Christian_Apologists_Evolution_of_God.docx → 4-The-Early-Christian-Apologists-Evolution-of-God.docx
[16/383] RENAMED: 4_Winged_Creatures_Comparing_Revelation_46_8_with_Ezekiel_15_11.docx → 4-Winged-Creatures-Comparing-Revelation-46-8-with-Ezekiel-15-11.docx
[17/383] RENAMED: 5_Perseverance_of_the_Saints_Calvinism.docx → 5-Perseverance-of-the-Saints-Calvinism.docx
[18/383] RENAMED: 5th_Seal_Revelation_69_11_Souls_Under_the_Altar.docx → 5th-Seal-Revelation-69-11-Souls-Under-the-Altar.docx
[19/383] RENAMED: 6_Gods_Will_Calvinism.docx → 6-Gods-Will-Calvinism.docx
[20/383] RENAMED: 7_The_Power_of_the_Gospel_Calvinism_Series.docx → 7-The-Power-of-the-Gospel-Calvinism-Series.docx
[21/383] RENAMED: 8_The_Christology_of_Sir_Isaac_Newton_The_Evolution_of_God.docx → 8-The-Christology-of-Sir-Isaac-Newton-The-Evolution-of-God.docx
[22/383] RENAMED: 8_The_Coexistence_of_Sovereignty_and_Free_Will_Calvinism_Series.docx → 8-The-Coexistence-of-Sovereignty-and-Free-Will-Calvinism-Series.docx
[23/383] RENAMED: 9_Where_Calvinism_Leads.docx → 9-Where-Calvinism-Leads.docx
[24/383] RENAMED: A_Biblical_Soul_Nephesh_is_the_whole_Person_including_the_Body.docx → A-Biblical-Soul-Nephesh-is-the-whole-Person-including-the-Body.docx
[25/383] RENAMED: About_Hebrew_Parallelism_called_Chiasmus_which_equates_to_Poetry.docx → About-Hebrew-Parallelism-called-Chiasmus-which-equates-to-Poetry.docx
[26/383] RENAMED: A_Celestial_Court_Operates_During_the_Tribulation.docx → A-Celestial-Court-Operates-During-the-Tribulation.docx
[27/383] RENAMED: Acts_A_Gold_Mine_of_Kingdom_Treasures.docx → Acts-A-Gold-Mine-of-Kingdom-Treasures.docx
[28/383] RENAMED: Addressing_the_statement_Christians_Not_Appointed_to_Wrath.docx → Addressing-the-statement-Christians-Not-Appointed-to-Wrath.docx
[29/383] RENAMED: A_Discussion_of_Pre_and_Post_Tribulation_Scripture_Support.docx → A-Discussion-of-Pre-and-Post-Tribulation-Scripture-Support.docx
[30/383] RENAMED: After_Resurrection_Comes_the_Judgment.docx → After-Resurrection-Comes-the-Judgment.docx
[31/383] RENAMED: A_Logical_look_at_The_Rapture_the_Timing.docx → A-Logical-look-at-The-Rapture-the-Timing.docx
[32/383] RENAMED: A_Look_at_the_Hebrew_Word_Olam.docx → A-Look-at-the-Hebrew-Word-Olam.docx
[33/383] RENAMED: Ancient_Evidence_for_Jesus_from_Non_Christian_Sources.docx → Ancient-Evidence-for-Jesus-from-Non-Christian-Sources.docx
[34/383] RENAMED: Ancient_Hebrew_Thought.docx → Ancient-Hebrew-Thought.docx
[35/383] RENAMED: Annihilation_in_the_Lake_of_Fire.docx → Annihilation-in-the-Lake-of-Fire.docx
[36/383] RENAMED: Another_Prophet_Like_Moses_Would_Come_Israels_Division.docx → Another-Prophet-Like-Moses-Would-Come-Israels-Division.docx
[37/383] RENAMED: A_Not_So_Divine_Tragedy_Gnosticism_Part_4.docx → A-Not-So-Divine-Tragedy-Gnosticism-Part-4.docx
[38/383] RENAMED: Are_Abraham_Isaac_and_Jacob_alive_in_Heaven.docx → Are-Abraham-Isaac-and-Jacob-alive-in-Heaven.docx
[39/383] RENAMED: Are_Masks_Effective.docx → Are-Masks-Effective.docx
[40/383] RENAMED: Are_The_144000_Jews_in_Revelation_73_Jewish_Evangelists.docx → Are-The-144000-Jews-in-Revelation-73-Jewish-Evangelists.docx
[41/383] RENAMED: Are_Women_Second_Class_Citizens_in_the_Bible_Using_Leviticus_12.docx → Are-Women-Second-Class-Citizens-in-the-Bible-Using-Leviticus-12.docx
[42/383] RENAMED: As_In_the_Days_of_Noah_Lot.docx → As-In-the-Days-of-Noah-Lot.docx
[43/383] RENAMED: Baptism_According_to_the_Second_Century_Christians.docx → Baptism-According-to-the-Second-Century-Christians.docx
[44/383] RENAMED: Baptism_for_the_Remission_of_Sins_Acts_238.docx → Baptism-for-the-Remission-of-Sins-Acts-238.docx
[45/383] RENAMED: Benefits_of_Being_You_and_Loved_by_God.docx → Benefits-of-Being-You-and-Loved-by-God.docx
[46/383] RENAMED: Biblical_Chronology_Introduction.docx → Biblical-Chronology-Introduction.docx
[47/383] RENAMED: Biblical_definition_of_idolatry.docx → Biblical-definition-of-idolatry.docx
[48/383] RENAMED: Biblical_Proof_for_a_pregnancy_being_a_Baby.docx → Biblical-Proof-for-a-pregnancy-being-a-Baby.docx
[49/383] RENAMED: Blow_the_Shofar_Says_The_Lord.docx → Blow-the-Shofar-Says-The-Lord.docx
[50/383] RENAMED: Bread_And_Cup_Of_Communion.docx → Bread-And-Cup-Of-Communion.docx
[51/383] RENAMED: Bythus_and_His_Family___Gnosticism_Part_2.docx → Bythus-and-His-Family---Gnosticism-Part-2.docx
[52/383] RENAMED: Calculation_of_the_size_of_the_area_with_blood_in_Revelation_1420.docx → Calculation-of-the-size-of-the-area-with-blood-in-Revelation-1420.docx
[53/383] RENAMED: Calvinism_Part_1.docx → Calvinism-Part-1.docx
[54/383] RENAMED: Can_Salvation_Be_Lost_Once_It_Has_Been_Given.docx → Can-Salvation-Be-Lost-Once-It-Has-Been-Given.docx
[55/383] RENAMED: Can_we_find_the_Rapture_in_Revelation.docx → Can-we-find-the-Rapture-in-Revelation.docx
[56/383] RENAMED: Case_for_a_Second_Group_of_144000_being_Sethites_in_Revelation_141_5.docx → Case-for-a-Second-Group-of-144000-being-Sethites-in-Revelation-141-5.docx
[57/383] RENAMED: Christian_Intimacy_Sexuality.docx → Christian-Intimacy-Sexuality.docx
[58/383] RENAMED: Christianitys_Platonic_Heaven.docx → Christianitys-Platonic-Heaven.docx
[59/383] RENAMED: Christian_Pacifism.docx → Christian-Pacifism.docx
[60/383] RENAMED: Christians_Not_Appointed_to_Wrath.docx → Christians-Not-Appointed-to-Wrath.docx
[61/383] RENAMED: Christmas_or_Hanukkah.docx → Christmas-or-Hanukkah.docx
[62/383] RENAMED: Church_Fathers_On_the_End_Time_Events.docx → Church-Fathers-On-the-End-Time-Events.docx
[63/383] RENAMED: Conditional_Security_versus_Unconditional_Eternal_Security.docx → Conditional-Security-versus-Unconditional-Eternal-Security.docx
[64/383] RENAMED: Counting_with_Greek_Numbers.docx → Counting-with-Greek-Numbers.docx
[65/383] RENAMED: COVID_in_Context.docx → COVID-in-Context.docx
[66/383] RENAMED: Critique_of_Pre_Tribulation_Imminence.docx → Critique-of-Pre-Tribulation-Imminence.docx
[67/383] RENAMED: Dates_Related_to_the_Book_of_Daniel_and_the_End_Times.docx → Dates-Related-to-the-Book-of-Daniel-and-the-End-Times.docx
[68/383] RENAMED: Death_is_like_sleep.docx → Death-is-like-sleep.docx
[69/383] RENAMED: Defining_Elohim_in_the_Biblical_Context.docx → Defining-Elohim-in-the-Biblical-Context.docx
[70/383] RENAMED: Deliverance_to_the_Captives_Ever_Increasing_Faith.docx → Deliverance-to-the-Captives-Ever-Increasing-Faith.docx
[71/383] RENAMED: Demystify_the_Meaning_of_Sheol_and_Hades_in_the_Bible.docx → Demystify-the-Meaning-of-Sheol-and-Hades-in-the-Bible.docx
[72/383] RENAMED: Detailed_Exegesis_of_Colossians_115_20_Image_of_the_Invisible_God.docx → Detailed-Exegesis-of-Colossians-115-20-Image-of-the-Invisible-God.docx
[73/383] RENAMED: Detailed_look_at_Lazarus_and_the_Rich_man.docx → Detailed-look-at-Lazarus-and-the-Rich-man.docx
[74/383] RENAMED: Did_Angels_Have_Sex_with_Women_based_on_Genesis_6_Part_1_Introduction.docx → Did-Angels-Have-Sex-with-Women-based-on-Genesis-6-Part-1-Introduction.docx
[75/383] RENAMED: Did_Angels_Have_Sex_with_Women_based_on_Genesis_6_Part_2_Nephilim.docx → Did-Angels-Have-Sex-with-Women-based-on-Genesis-6-Part-2-Nephilim.docx
[76/383] RENAMED: Did_Angels_Have_Sex_with_Women_based_on_Genesis_6_Part_3_Source_of_Fallen_Angels_Myth.docx → Did-Angels-Have-Sex-with-Women-based-on-Genesis-6-Part-3-Source-of-Fallen-Angels-Myth.docx
[77/383] RENAMED: Did_Enoch_go_to_Heaven.docx → Did-Enoch-go-to-Heaven.docx
[78/383] RENAMED: Did_God_Create_All_Things_Alone_Isaiah_4424.docx → Did-God-Create-All-Things-Alone-Isaiah-4424.docx
[79/383] RENAMED: Did_Lockdowns_work_or_did_they_do_more_Harm.docx → Did-Lockdowns-work-or-did-they-do-more-Harm.docx
[80/383] RENAMED: Did_the_Dying_Thief_Accompany_Jesus_to_Paradise.docx → Did-the-Dying-Thief-Accompany-Jesus-to-Paradise.docx
[81/383] RENAMED: Did_the_Holy_Spirit_Father_All_the_Disciples.docx → Did-the-Holy-Spirit-Father-All-the-Disciples.docx
[82/383] RENAMED: Did_the_Son_of_God_or_Son_of_Man_have_1_or_2_Origins.docx → Did-the-Son-of-God-or-Son-of-Man-have-1-or-2-Origins.docx
[83/383] RENAMED: Did_You_Know_That_Ancient_Greek_Did_Not_Have_Punctuation.docx → Did-You-Know-That-Ancient-Greek-Did-Not-Have-Punctuation.docx
[84/383] RENAMED: Do_all_Religions_Point_to_the_same_God.docx → Do-all-Religions-Point-to-the-same-God.docx
[85/383] RENAMED: Does_Apostasia_in_2_Thessalonians_23_Refer_to_a_Physical_Departure_ie_the_Rapture.docx → Does-Apostasia-in-2-Thessalonians-23-Refer-to-a-Physical-Departure-ie-the-Rapture.docx
[86/383] RENAMED: Does_the_Falling_Away_the_Revelation_of_Man_of_Sin_come_First.docx → Does-the-Falling-Away-the-Revelation-of-Man-of-Sin-come-First.docx
[87/383] RENAMED: Does_the_Grace_in_Ephesians_28_9_Exclude_Baptism.docx → Does-the-Grace-in-Ephesians-28-9-Exclude-Baptism.docx
[88/383] RENAMED: Dr_Yeadon_De_Population_and_All_the_main_issues_with_COVID_19_Vaccine_Debate.docx → Dr-Yeadon-De-Population-and-All-the-main-issues-with-COVID-19-Vaccine-Debate.docx
[89/383] RENAMED: Early_Christians_had_a_Great_Hope.docx → Early-Christians-had-a-Great-Hope.docx
[90/383] RENAMED: Enoch_and_Elijah_Where_Are_They_Now.docx → Enoch-and-Elijah-Where-Are-They-Now.docx
[91/383] RENAMED: Events_of_70_AD_do_not_Fulfill_End_Times_Prophecies.docx → Events-of-70-AD-do-not-Fulfill-End-Times-Prophecies.docx
[92/383] RENAMED: Explanation_of_The_Names_Of_God.docx → Explanation-of-The-Names-Of-God.docx
[93/383] RENAMED: Faith_Works_The_Misconceptions_Regarding_Baptism.docx → Faith-Works-The-Misconceptions-Regarding-Baptism.docx
[94/383] RENAMED: FEAR_about_your_Childs_Illness.docx → FEAR-about-your-Childs-Illness.docx
[95/383] RENAMED: Feast_Of_Tabernacles_Jesus_Returns.docx → Feast-Of-Tabernacles-Jesus-Returns.docx
[96/383] RENAMED: Free_Will_the_Early_Church_Calvinism_Part_11.docx → Free-Will-the-Early-Church-Calvinism-Part-11.docx
[97/383] RENAMED: Gehenna_is_the_Name_of_Real_Place_and_not_Hell.docx → Gehenna-is-the-Name-of-Real-Place-and-not-Hell.docx
[98/383] RENAMED: General_Measures_For_Managing_Acute_Childhood_Illness_Or_Infection.docx → General-Measures-For-Managing-Acute-Childhood-Illness-Or-Infection.docx
[99/383] RENAMED: Glossary_of_End_Time_Terms.docx → Glossary-of-End-Time-Terms.docx
[100/383] RENAMED: God_His_Apprentice_in_Creation_according_to_Moses_David_Solomon_the_Apostles_the_Earliest_Christians.docx → God-His-Apprentice-in-Creation-according-to-Moses-David-Solomon-the-Apostles-the-Earliest-Christians.docx
[101/383] RENAMED: God_Intended_us_to_have_enough_Vitamin_C.docx → God-Intended-us-to-have-enough-Vitamin-C.docx
[102/383] RENAMED: God_is_Clear_on_Contraception_None.docx → God-is-Clear-on-Contraception-None.docx
[103/383] RENAMED: Godly_Modesty_in_Clothing.docx → Godly-Modesty-in-Clothing.docx
[104/383] RENAMED: Gods_Will_Calvinism_Part_7.docx → Gods-Will-Calvinism-Part-7.docx
[105/383] RENAMED: Gods_Wrath_is_Proportional_to_Your_Sin_Romans_25.docx → Gods-Wrath-is-Proportional-to-Your-Sin-Romans-25.docx
[106/383] RENAMED: God_will_Keep_His_Promise_to_Abraham_about_the_Permanent_Land_Inheritance.docx → God-will-Keep-His-Promise-to-Abraham-about-the-Permanent-Land-Inheritance.docx
[107/383] RENAMED: Greek_Christians_Did_Not_Understand_the_Resurrection_1_Corinthians_15.docx → Greek-Christians-Did-Not-Understand-the-Resurrection-1-Corinthians-15.docx
[108/383] RENAMED: Greek_Philosophys_Impact_on_our_Understanding_of_Death.docx → Greek-Philosophys-Impact-on-our-Understanding-of-Death.docx
[109/383] RENAMED: Hacking_Extortion_Election_Interference_These_Are_the_Tools_Used_by_Israels_Agents_of_Chaos_and_Mani.docx → Hacking-Extortion-Election-Interference-These-Are-the-Tools-Used-by-Israels-Agents-of-Chaos-and-Mani.docx
[110/383] RENAMED: Has_Christianity_Made_Up_Its_Own_Meaning_of_Fornication_to_Mean_Sex_Before_Marriage.docx → Has-Christianity-Made-Up-Its-Own-Meaning-of-Fornication-to-Mean-Sex-Before-Marriage.docx
[111/383] RENAMED: Healing_and_the_Atonement_using_Key_Passages_of_Scripture.docx → Healing-and-the-Atonement-using-Key-Passages-of-Scripture.docx
[112/383] RENAMED: Healing_in_the_Atonement.docx → Healing-in-the-Atonement.docx
[113/383] RENAMED: Hearing_the_Text_of_the_Bible_and_not_something_else.docx → Hearing-the-Text-of-the-Bible-and-not-something-else.docx
[114/383] RENAMED: Hebrew_and_Greek_Worldview_Compared.docx → Hebrew-and-Greek-Worldview-Compared.docx
[115/383] RENAMED: Hebrew_Names_of_God_in_The_Bible.docx → Hebrew-Names-of-God-in-The-Bible.docx
[116/383] RENAMED: Hebrew_Thinking_VsGreek_Thinking.docx → Hebrew-Thinking-VsGreek-Thinking.docx
[117/383] RENAMED: Hindrances_to_Receiving_the_Holy_Spirit.docx → Hindrances-to-Receiving-the-Holy-Spirit.docx
[118/383] RENAMED: Historical_20th_Century_medical_and_scientific_literature_attesting_to_the_efficacy_of_Vitamin_C.docx → Historical-20th-Century-medical-and-scientific-literature-attesting-to-the-efficacy-of-Vitamin-C.docx
[119/383] RENAMED: History_of_the_Calendar.docx → History-of-the-Calendar.docx
[120/383] RENAMED: History_of_the_Pre_and_Post_Tribulation_Theology.docx → History-of-the-Pre-and-Post-Tribulation-Theology.docx
[121/383] RENAMED: Holy_Spirit_is_NOT_a_Person_but_the_Breath_of_God.docx → Holy-Spirit-is-NOT-a-Person-but-the-Breath-of-God.docx
[122/383] RENAMED: Honesty_In_Marriage.docx → Honesty-In-Marriage.docx
[123/383] RENAMED: How_can_Christians_say_Jesus_is_the_only_way_to_God.docx → How-can-Christians-say-Jesus-is-the-only-way-to-God.docx
[124/383] RENAMED: How_Communion_Should_be_Taken_in_Church.docx → How-Communion-Should-be-Taken-in-Church.docx
[125/383] RENAMED: How_did_Sickness_Enter_this_World.docx → How-did-Sickness-Enter-this-World.docx
[126/383] RENAMED: How_Did_the_Early_Church_View_the_Millennial_1000_Kingdom.docx → How-Did-the-Early-Church-View-the-Millennial-1000-Kingdom.docx
[127/383] RENAMED: How_Do_I_know_the_Bible_is_REALLY_from_God.docx → How-Do-I-know-the-Bible-is-REALLY-from-God.docx
[128/383] RENAMED: How_Greek_thought_Corrupted_Christian_Theology.docx → How-Greek-thought-Corrupted-Christian-Theology.docx
[129/383] RENAMED: How_Many_Second_Comings_Part_1.docx → How-Many-Second-Comings-Part-1.docx
[130/383] RENAMED: How_Many_Second_Comings_Part_2.docx → How-Many-Second-Comings-Part-2.docx
[131/383] RENAMED: How_Many_Second_Comings_Part_3.docx → How-Many-Second-Comings-Part-3.docx
[132/383] RENAMED: How_many_times_is_Hell_mentioned_in_the_Bible.docx → How-many-times-is-Hell-mentioned-in-the-Bible.docx
[133/383] RENAMED: How_Much_Glory_and_Honour_do_you_Give_to_The_Father_our_God.docx → How-Much-Glory-and-Honour-do-you-Give-to-The-Father-our-God.docx
[134/383] RENAMED: How_Plato_Influenced_Our_View_of_God.docx → How-Plato-Influenced-Our-View-of-God.docx
[135/383] RENAMED: How_The_Greek_word_Hades_Changed_Our_Understanding_of_What_happens_when_we_Die.docx → How-The-Greek-word-Hades-Changed-Our-Understanding-of-What-happens-when-we-Die.docx
[136/383] RENAMED: How_the_Israelites_saw_Earth_as_Land_Sea_and_Sky.docx → How-the-Israelites-saw-Earth-as-Land-Sea-and-Sky.docx
[137/383] RENAMED: How_to_Reconcile_Old_and_New_Testaments_For_End_Times.docx → How-to-Reconcile-Old-and-New-Testaments-For-End-Times.docx
[138/383] RENAMED: How_to_Study_and_Understand_the_Bible_Scriptures.docx → How-to-Study-and-Understand-the-Bible-Scriptures.docx
[139/383] RENAMED: How_to_Study_the_Bible_in_3_Steps.docx → How-to-Study-the-Bible-in-3-Steps.docx
[140/383] RENAMED: How_was_the_Son_Foreknown_before_the_Foundation_of_the_World_1_Peter_120.docx → How-was-the-Son-Foreknown-before-the-Foundation-of-the-World-1-Peter-120.docx
[141/383] RENAMED: In_Christ_Neither_Male_nor_Female.docx → In-Christ-Neither-Male-nor-Female.docx
[142/383] RENAMED: Inconsistent_Translation_of_Hebrew_Words_for_example_Heart.docx → Inconsistent-Translation-of-Hebrew-Words-for-example-Heart.docx
[143/383] RENAMED: Information_about_Vitamin_C_that_you_have_not_Heard_About.docx → Information-about-Vitamin-C-that-you-have-not-Heard-About.docx
[144/383] RENAMED: Information_and_Reasons_for_NOT_having_the_COVID_19_Vaccine.docx → Information-and-Reasons-for-NOT-having-the-COVID-19-Vaccine.docx
[145/383] RENAMED: Informed_Consent_a_Legal_Right_to_Say_NO_to_the_Vaccine.docx → Informed-Consent-a-Legal-Right-to-Say-NO-to-the-Vaccine.docx
[146/383] RENAMED: In_the_BeginningThe_Devils_Lie.docx → In-the-BeginningThe-Devils-Lie.docx
[147/383] RENAMED: In_the_Tribulation_there_will_be_a_Place_of_refuge_for_Christians.docx → In-the-Tribulation-there-will-be-a-Place-of-refuge-for-Christians.docx
[148/383] RENAMED: Introduction_to_Ancient_Hebrew.docx → Introduction-to-Ancient-Hebrew.docx
[149/383] RENAMED: Introduction_to_Gnosticism_Part_1.docx → Introduction-to-Gnosticism-Part-1.docx
[150/383] RENAMED: Irenaeus_Believed_All_Christians_had_an_Abrahamic_Land_Inheritance.docx → Irenaeus-Believed-All-Christians-had-an-Abrahamic-Land-Inheritance.docx
[151/383] RENAMED: Irresistible_Grace_Calvinism_Part_5.docx → Irresistible-Grace-Calvinism-Part-5.docx
[152/383] RENAMED: Is_Adonikam_the_Name_of_the_Antichrist.docx → Is-Adonikam-the-Name-of-the-Antichrist.docx
[153/383] RENAMED: Isaiah_53_and_Physical_Healing.docx → Isaiah-53-and-Physical-Healing.docx
[154/383] RENAMED: Is_a_Pre_Tribulation_Rapture_Needed_for_the_Wedding_of_the_Church_to_Jesus.docx → Is-a-Pre-Tribulation-Rapture-Needed-for-the-Wedding-of-the-Church-to-Jesus.docx
[155/383] RENAMED: Is_Baptism_Part_of_Salvation.docx → Is-Baptism-Part-of-Salvation.docx
[156/383] RENAMED: Is_Islam_being_used_by_our_Enemy_to_Perform_a_Possible_Role_Reversal_during_Daniels_70th_Week.docx → Is-Islam-being-used-by-our-Enemy-to-Perform-a-Possible-Role-Reversal-during-Daniels-70th-Week.docx
[157/383] RENAMED: Is_Our_Destination_Heaven.docx → Is-Our-Destination-Heaven.docx
[158/383] RENAMED: Israel_and_the_Church_in_the_End_Times.docx → Israel-and-the-Church-in-the-End-Times.docx
[159/383] RENAMED: Israels_Role_In_Gods_Redemptive_Plan.docx → Israels-Role-In-Gods-Redemptive-Plan.docx
[160/383] RENAMED: Is_SOZO_Prayer_Biblical.docx → Is-SOZO-Prayer-Biblical.docx
[161/383] RENAMED: Is_the_Apostle_John_the_2nd_Witness_with_Elijah_in_the_Book_of_Revelation.docx → Is-the-Apostle-John-the-2nd-Witness-with-Elijah-in-the-Book-of-Revelation.docx
[162/383] RENAMED: Is_the_Sinners_Prayer_in_the_Bible.docx → Is-the-Sinners-Prayer-in-the-Bible.docx
[163/383] RENAMED: Jesus_Christ_Will_Govern_from_Jerusalem.docx → Jesus-Christ-Will-Govern-from-Jerusalem.docx
[164/383] RENAMED: Jesus_Created_All_Things_Colossians_116_18.docx → Jesus-Created-All-Things-Colossians-116-18.docx
[165/383] RENAMED: Jesus_is_Not_Yet_Seated_on_Davids_Throne.docx → Jesus-is-Not-Yet-Seated-on-Davids-Throne.docx
[166/383] RENAMED: Jesus_Parable_of_the_10_Virgins.docx → Jesus-Parable-of-the-10-Virgins.docx
[167/383] RENAMED: Jesus_Returns_2036.docx → Jesus-Returns-2036.docx
[168/383] RENAMED: Jesus_taught_the_Disciples_for_40_Days_after_His_Resurrection.docx → Jesus-taught-the-Disciples-for-40-Days-after-His-Resurrection.docx
[169/383] RENAMED: Jewish_Encyclopedia_statement_on_Immortality_Soul.docx → Jewish-Encyclopedia-statement-on-Immortality-Soul.docx
[170/383] RENAMED: Jewish_Wedding_Customs_and_the_Rapture.docx → Jewish-Wedding-Customs-and-the-Rapture.docx
[171/383] RENAMED: Key_Greek_Words_and_Terms_for_Eschatology.docx → Key-Greek-Words-and-Terms-for-Eschatology.docx
[172/383] RENAMED: Kingdom_of_God_Now_or_in_the_Future.docx → Kingdom-of-God-Now-or-in-the-Future.docx
[173/383] RENAMED: Laying_the_Foundations_for_the_Covid_19_Story_of_Fear_and_Lies.docx → Laying-the-Foundations-for-the-Covid-19-Story-of-Fear-and-Lies.docx
[174/383] RENAMED: Lazarus_and_the_Rich_man_commentary_Luke_1619_Parable.docx → Lazarus-and-the-Rich-man-commentary-Luke-1619-Parable.docx
[175/383] RENAMED: Lesson_24_Revelation_101_11_Little_Scroll_and_7_Thunders.docx → Lesson-24-Revelation-101-11-Little-Scroll-and-7-Thunders.docx
[176/383] RENAMED: Lesson_2_Revelation_1_1_3_Jesus_Christ_Revealed_as_the_Messenger_of_YHVH.docx → Lesson-2-Revelation-1-1-3-Jesus-Christ-Revealed-as-the-Messenger-of-YHVH.docx
[177/383] RENAMED: Lesson_3_Revelation_14_5_Greeting_to_7_Assemblies_in_Asia.docx → Lesson-3-Revelation-14-5-Greeting-to-7-Assemblies-in-Asia.docx
[178/383] RENAMED: Lesson_4_Revelation_16_8_Kingdom_Priests_Coming_in_the_Clouds_Alpha_and_Omega.docx → Lesson-4-Revelation-16-8-Kingdom-Priests-Coming-in-the-Clouds-Alpha-and-Omega.docx
[179/383] RENAMED: Let_the_Dead_Bury_their_Dead.docx → Let-the-Dead-Bury-their-Dead.docx
[180/383] RENAMED: Life_Death_and_Resurrection_in_the_Pauline_Epistles.docx → Life-Death-and-Resurrection-in-the-Pauline-Epistles.docx
[181/383] RENAMED: Limited_Atonement_Calvinism_Part_4.docx → Limited-Atonement-Calvinism-Part-4.docx
[182/383] RENAMED: Logos_Preexistence_of_Messiah_in_Ancient_Judaism.docx → Logos-Preexistence-of-Messiah-in-Ancient-Judaism.docx
[183/383] RENAMED: Marriage_Gender_Roles_From_the_Beginning_of_the_Creation.docx → Marriage-Gender-Roles-From-the-Beginning-of-the-Creation.docx
[184/383] RENAMED: Martin_Luther_William_Tyndale_versus_the_Pope_On_the_State_of_the_Dead.docx → Martin-Luther-William-Tyndale-versus-the-Pope-On-the-State-of-the-Dead.docx
[185/383] RENAMED: Matthew_24_and_the_Fig_Tree.docx → Matthew-24-and-the-Fig-Tree.docx
[186/383] RENAMED: Medical_Doctor_Reveals_Love_Story_of_Horror.docx → Medical-Doctor-Reveals-Love-Story-of-Horror.docx
[187/383] RENAMED: Melchizedek_is_the_Son_of_God.docx → Melchizedek-is-the-Son-of-God.docx
[188/383] RENAMED: Menstrual_Cups_An_ecological_Way_to_Deal_with_Menstruation.docx → Menstrual-Cups-An-ecological-Way-to-Deal-with-Menstruation.docx
[189/383] RENAMED: Misconception_2_Tongues_arent_for_everyone.docx → Misconception-2-Tongues-arent-for-everyone.docx
[190/383] RENAMED: Misconception_5_Tongues_are_just_the_ability_to_speak_in_a_foreign_language.docx → Misconception-5-Tongues-are-just-the-ability-to-speak-in-a-foreign-language.docx
[191/383] RENAMED: More_Details_About_Daniels_70_Weeks_Prophesy.docx → More-Details-About-Daniels-70-Weeks-Prophesy.docx
[192/383] RENAMED: Moses_the_Millennial_Week.docx → Moses-the-Millennial-Week.docx
[193/383] RENAMED: My_Personal_Journey_to_a_Truth_about_Makeup.docx → My-Personal-Journey-to-a-Truth-about-Makeup.docx
[194/383] RENAMED: Myths_and_Excuses_about_Gods_Healing_Power.docx → Myths-and-Excuses-about-Gods-Healing-Power.docx
[195/383] RENAMED: No_One_will_Know_When_Jesus_will_Return.docx → No-One-will-Know-When-Jesus-will-Return.docx
[196/383] RENAMED: Notes_on_the_Septuagint.docx → Notes-on-the-Septuagint.docx
[197/383] RENAMED: Objection_2_Tongues_are_of_the_devil.docx → Objection-2-Tongues-are-of-the-devil.docx
[198/383] RENAMED: Objection_3_Tongues_have_ceased.docx → Objection-3-Tongues-have-ceased.docx
[199/383] RENAMED: Objection_4_Only_the_apostles_could_pray_for_people_to_receive_the_baptism_in_the_Holy_Spirit.docx → Objection-4-Only-the-apostles-could-pray-for-people-to-receive-the-baptism-in-the-Holy-Spirit.docx
[200/383] RENAMED: Olam_and_Aion_do_Not_mean_Inifinte_Time_in_Hebrew_or_Greek.docx → Olam-and-Aion-do-Not-mean-Inifinte-Time-in-Hebrew-or-Greek.docx
[201/383] RENAMED: Old_Testament_References_in_the_Book_of_Revelation.docx → Old-Testament-References-in-the-Book-of-Revelation.docx
[202/383] RENAMED: Once_Saved_Always_Saved.docx → Once-Saved-Always-Saved.docx
[203/383] RENAMED: Only_God_is_Immortal.docx → Only-God-is-Immortal.docx
[204/383] RENAMED: Origins_of_the_Heavenly_Destiny_Not_The_Bible.docx → Origins-of-the-Heavenly-Destiny-Not-The-Bible.docx
[205/383] RENAMED: OSAS_Conditional_Security_versus_Unconditional_Eternal_Security.docx → OSAS-Conditional-Security-versus-Unconditional-Eternal-Security.docx
[206/383] RENAMED: Parable_of_the_Soils_and_Applying_it_Today.docx → Parable-of-the-Soils-and-Applying-it-Today.docx
[207/383] RENAMED: Paul_and_the_UNKNOWN_God_shows_that_God_is_Not_a_Trinity.docx → Paul-and-the-UNKNOWN-God-shows-that-God-is-Not-a-Trinity.docx
[208/383] RENAMED: Paul_Caught_Up_to_the_Third_Heaven.docx → Paul-Caught-Up-to-the-Third-Heaven.docx
[209/383] RENAMED: Pauls_Experience_With_Speaking_in_Tongues.docx → Pauls-Experience-With-Speaking-in-Tongues.docx
[210/383] RENAMED: Paul_the_Mystery.docx → Paul-the-Mystery.docx
[211/383] RENAMED: Perseverance_of_the_Saints_Calvinism_Part_6.docx → Perseverance-of-the-Saints-Calvinism-Part-6.docx
[212/383] RENAMED: Peters_First_Sermon_Acts_215_21.docx → Peters-First-Sermon-Acts-215-21.docx
[213/383] RENAMED: Peters_Later_Thoughts_The_Epistles.docx → Peters-Later-Thoughts-The-Epistles.docx
[214/383] RENAMED: Peters_Second_Sermon_Acts_319_21.docx → Peters-Second-Sermon-Acts-319-21.docx
[215/383] RENAMED: Philosophy_Methodology_for_Understanding_Scripture.docx → Philosophy-Methodology-for-Understanding-Scripture.docx
[216/383] RENAMED: Positive_Reasons_to_Study_Eschatology.docx → Positive-Reasons-to-Study-Eschatology.docx
[217/383] RENAMED: Preterism_Introduction.docx → Preterism-Introduction.docx
[218/383] RENAMED: Preterism_Proof_Text_Hebrews_1228.docx → Preterism-Proof-Text-Hebrews-1228.docx
[219/383] RENAMED: Preterism_Secret_Second_Coming_of_Jesus.docx → Preterism-Secret-Second-Coming-of-Jesus.docx
[220/383] RENAMED: Preterism_the_Date_of_the_Book_of_Revelation.docx → Preterism-the-Date-of-the-Book-of-Revelation.docx
[221/383] RENAMED: Preterism_Time_Texts_in_the_New_Testament.docx → Preterism-Time-Texts-in-the-New-Testament.docx
[222/383] RENAMED: Preterist_Historicist_Idealist_and_Futurist_Views_of_Bible_Prophecy.docx → Preterist-Historicist-Idealist-and-Futurist-Views-of-Bible-Prophecy.docx
[223/383] RENAMED: Principles_for_Christians_Studying_the_Word_Of_God.docx → Principles-for-Christians-Studying-the-Word-Of-God.docx
[224/383] RENAMED: Progressive_Dispensationalism_101_The_Basics.docx → Progressive-Dispensationalism-101-The-Basics.docx
[225/383] RENAMED: Progressive_Dispensationalism_102_An_Overview.docx → Progressive-Dispensationalism-102-An-Overview.docx
[226/383] RENAMED: Progressive_Dispensationalism_Introduction.docx → Progressive-Dispensationalism-Introduction.docx
[227/383] RENAMED: Proverbs_8_Jesus_is_The_Beginning_and_was_Begotten_by_God.docx → Proverbs-8-Jesus-is-The-Beginning-and-was-Begotten-by-God.docx
[228/383] RENAMED: Questions_for_Christians_who_support_Same_Sex_marriage.docx → Questions-for-Christians-who-support-Same-Sex-marriage.docx
[229/383] RENAMED: Rapture_Terminology_TheSkeleton_in_the_Closetof_Pretribulationism.docx → Rapture-Terminology-TheSkeleton-in-the-Closetof-Pretribulationism.docx
[230/383] RENAMED: Reasons_for_Christians_to_Speak_in_Tongues.docx → Reasons-for-Christians-to-Speak-in-Tongues.docx
[231/383] RENAMED: Reasons_Why_People_Do_Not_Study_Eschatology.docx → Reasons-Why-People-Do-Not-Study-Eschatology.docx
[232/383] RENAMED: Repentance_and_Baptism_Not_Symbolic.docx → Repentance-and-Baptism-Not-Symbolic.docx
[233/383] RENAMED: Rest_from_Persecution_AFTER_the_Tribulation_2_Thessalonians.docx → Rest-from-Persecution-AFTER-the-Tribulation-2-Thessalonians.docx
[234/383] RENAMED: Resurrection_a_Reason_to_Believe.docx → Resurrection-a-Reason-to-Believe.docx
[235/383] RENAMED: Revelation_Flowchart_of_Events.docx → Revelation-Flowchart-of-Events.docx
[236/383] RENAMED: Revelation_Lesson_1_Introduction.docx → Revelation-Lesson-1-Introduction.docx
[237/383] RENAMED: Review_of_the_Science_Relevant_to_COVID_19_Social_Policy_Masks.docx → Review-of-the-Science-Relevant-to-COVID-19-Social-Policy-Masks.docx
[238/383] RENAMED: Rules_on_How_Understand_the_Subject_of_End_Times.docx → Rules-on-How-Understand-the-Subject-of-End-Times.docx
[239/383] RENAMED: Saint_or_Sinner_What_is_Our_Christian_Identity.docx → Saint-or-Sinner-What-is-Our-Christian-Identity.docx
[240/383] RENAMED: Science_Increasingly_Makes_the_Case_for_God.docx → Science-Increasingly-Makes-the-Case-for-God.docx
[241/383] RENAMED: Sealed_until_the_Time_of_the_End_Jesus_Return.docx → Sealed-until-the-Time-of-the-End-Jesus-Return.docx
[242/383] RENAMED: Shaliah_Jewish_Law_of_Agency.docx → Shaliah-Jewish-Law-of-Agency.docx
[243/383] RENAMED: Shavuot_Pentecost_50th_Day_7_Weeks.docx → Shavuot-Pentecost-50th-Day-7-Weeks.docx
[244/383] RENAMED: Short_Summary_of_Did_Fallen_Angels_Have_Sex_with_Daughters_Of_Men_and_produce_Hybrid_Nephilim_Giants.docx → Short-Summary-of-Did-Fallen-Angels-Have-Sex-with-Daughters-Of-Men-and-produce-Hybrid-Nephilim-Giants.docx
[245/383] RENAMED: Should_Christians_use_Birth_Control.docx → Should-Christians-use-Birth-Control.docx
[246/383] RENAMED: Should_Women_be_Teachers_of_Men.docx → Should-Women-be-Teachers-of-Men.docx
[247/383] RENAMED: Sickness_versus_Disease_in_the_Bible.docx → Sickness-versus-Disease-in-the-Bible.docx
[248/383] RENAMED: Smith_Wigglesworth_Overview_Of_Ministry.docx → Smith-Wigglesworth-Overview-Of-Ministry.docx
[249/383] RENAMED: Sola_Scriptura.docx → Sola-Scriptura.docx
[250/383] RENAMED: Speech_The_Overflow_of_the_Heart.docx → Speech-The-Overflow-of-the-Heart.docx
[251/383] RENAMED: Sunday_the_Early_Church.docx → Sunday-the-Early-Church.docx
[252/383] RENAMED: Synagogues_in_the_Bible.docx → Synagogues-in-the-Bible.docx
[253/383] RENAMED: Ten_Toes_Rising_Now_Revelation_1712_14.docx → Ten-Toes-Rising-Now-Revelation-1712-14.docx
[254/383] RENAMED: The_120_Jubilee_Year_Calendar_According_to_Scripture.docx → The-120-Jubilee-Year-Calendar-According-to-Scripture.docx
[255/383] RENAMED: The_Abrahamic_Covenant_In_the_Both_Testaments.docx → The-Abrahamic-Covenant-In-the-Both-Testaments.docx
[256/383] RENAMED: The_Abrahamic_Faith_The_Sabbath_Rest_According_to_the_Early_Christians.docx → The-Abrahamic-Faith-The-Sabbath-Rest-According-to-the-Early-Christians.docx
[257/383] RENAMED: The_Abrahamic_Inheritance_was_the_Earliest_Christian_Hope.docx → The-Abrahamic-Inheritance-was-the-Earliest-Christian-Hope.docx
[258/383] RENAMED: The_Antichrist_Comes_First_Contrary_To_Pre_Tribulation_Theology.docx → The-Antichrist-Comes-First-Contrary-To-Pre-Tribulation-Theology.docx
[259/383] RENAMED: The_Background_to_how_the_Pretribulation_Teaching_Started.docx → The-Background-to-how-the-Pretribulation-Teaching-Started.docx
[260/383] RENAMED: The_Biblical_Basis_for_the_Post_Tribulation_Rapture.docx → The-Biblical-Basis-for-the-Post-Tribulation-Rapture.docx
[261/383] RENAMED: The_Boogeyman_Called_False_Tongues.docx → The-Boogeyman-Called-False-Tongues.docx
[262/383] RENAMED: The_Book_that_Tastes_like_Honey_but_becomes_Bitter.docx → The-Book-that-Tastes-like-Honey-but-becomes-Bitter.docx
[263/383] RENAMED: The_Case_for_Annihilation_of_the_Unbelievers_the_Wicked.docx → The-Case-for-Annihilation-of-the-Unbelievers-the-Wicked.docx
[264/383] RENAMED: The_Chapters_in_the_Book_of_Revelation_are_NOT_in_Sequence.docx → The-Chapters-in-the-Book-of-Revelation-are-NOT-in-Sequence.docx
[265/383] RENAMED: The_Church_in_the_Old_Testament.docx → The-Church-in-the-Old-Testament.docx
[266/383] RENAMED: The_Coexistence_of_Sovereignty_and_Free_Will_Calvinism_Series.docx → The-Coexistence-of-Sovereignty-and-Free-Will-Calvinism-Series.docx
[267/383] RENAMED: The_Coming_Kingdom_in_the_Gospels.docx → The-Coming-Kingdom-in-the-Gospels.docx
[268/383] RENAMED: The_Controversy_over_Inserted_Trinity_Statement_in_1_John_57_8.docx → The-Controversy-over-Inserted-Trinity-Statement-in-1-John-57-8.docx
[269/383] RENAMED: The_Dangers_of_Bad_Doctrine.docx → The-Dangers-of-Bad-Doctrine.docx
[270/383] RENAMED: The_Day_of_the_Lord_and_the_Rapture.docx → The-Day-of-the-Lord-and-the-Rapture.docx
[271/383] RENAMED: The_Debate_About_the_Timing_of_the_Rapture.docx → The-Debate-About-the-Timing-of-the-Rapture.docx
[272/383] RENAMED: The_Demiurge_Gnosticism_Part_5.docx → The-Demiurge-Gnosticism-Part-5.docx
[273/383] RENAMED: The_Error_of_Replacement_Theology.docx → The-Error-of-Replacement-Theology.docx
[274/383] RENAMED: The_False_Prophet_in_Revelation_1311_14_Israels_Pseudo_Elijah.docx → The-False-Prophet-in-Revelation-1311-14-Israels-Pseudo-Elijah.docx
[275/383] RENAMED: The_Feasts_of_Israel_and_their_Meaning.docx → The-Feasts-of-Israel-and-their-Meaning.docx
[276/383] RENAMED: The_First_Jewish_Holocaust.docx → The-First-Jewish-Holocaust.docx
[277/383] RENAMED: The_First_Resurrection_in_Revelation.docx → The-First-Resurrection-in-Revelation.docx
[278/383] RENAMED: The_FOUR_PRINCIPLES_of_DIVINE_PROCREATION_the_IMPACT_on_CHRISTIAN_MONOTHEISM.docx → The-FOUR-PRINCIPLES-of-DIVINE-PROCREATION-the-IMPACT-on-CHRISTIAN-MONOTHEISM.docx
[279/383] RENAMED: The_Gnostic_Hall_of_Infamy_Gnosticism_Part_7.docx → The-Gnostic-Hall-of-Infamy-Gnosticism-Part-7.docx
[280/383] RENAMED: The_Gnostic_Pantheon_Gnosticism_Part_3.docx → The-Gnostic-Pantheon-Gnosticism-Part-3.docx
[281/383] RENAMED: The_Gospel_is_about_the_Kingdom_of_God.docx → The-Gospel-is-about-the-Kingdom-of-God.docx
[282/383] RENAMED: The_Hebrew_word_Sheol_shows_us_Dead_People_are_Dead.docx → The-Hebrew-word-Sheol-shows-us-Dead-People-are-Dead.docx
[283/383] RENAMED: The_Holy_Spirit_and_Translation_Bias_A_Smoking_Gun_of_Trinity_Mischief.docx → The-Holy-Spirit-and-Translation-Bias-A-Smoking-Gun-of-Trinity-Mischief.docx
[284/383] RENAMED: The_Holy_Spirit_is_Missing_from_Pauls_Introductory_statement_in_his_Letters.docx → The-Holy-Spirit-is-Missing-from-Pauls-Introductory-statement-in-his-Letters.docx
[285/383] RENAMED: The_Holy_Spirit_Is_Not_a_Person.docx → The-Holy-Spirit-Is-Not-a-Person.docx
[286/383] RENAMED: The_Issues_with_COVID_Passports.docx → The-Issues-with-COVID-Passports.docx
[287/383] RENAMED: The_Jesus_that_Peter_taught_in_His_First_Sermon.docx → The-Jesus-that-Peter-taught-in-His-First-Sermon.docx
[288/383] RENAMED: The_Kingdom_Hope_In_the_Old_Testament.docx → The-Kingdom-Hope-In-the-Old-Testament.docx
[289/383] RENAMED: The_Kingdom_Hope_in_the_Parables_of_Jesus.docx → The-Kingdom-Hope-in-the-Parables-of-Jesus.docx
[290/383] RENAMED: The_Lake_of_Fire_is_Hell_and_Nothing_Else.docx → The-Lake-of-Fire-is-Hell-and-Nothing-Else.docx
[291/383] RENAMED: The_Last_Trumpet_1_Corinthians_15.docx → The-Last-Trumpet-1-Corinthians-15.docx
[292/383] RENAMED: The_Lost_Temple_Mount.docx → The-Lost-Temple-Mount.docx
[293/383] RENAMED: The_Martyrdom_Of_Polycarp_Bishop_of_Smyrna.docx → The-Martyrdom-Of-Polycarp-Bishop-of-Smyrna.docx
[294/383] RENAMED: The_meaning_of_Heavenly_in_Ephesians_and_Hebrews.docx → The-meaning-of-Heavenly-in-Ephesians-and-Hebrews.docx
[295/383] RENAMED: The_Messenger_Angel_of_the_YHVH_Lord.docx → The-Messenger-Angel-of-the-YHVH-Lord.docx
[296/383] RENAMED: The_Millennial_Week_Calendar_According_to_Scripture.docx → The-Millennial-Week-Calendar-According-to-Scripture.docx
[297/383] RENAMED: The_Millennial_Week_CHILIASM_In_the_Early_Christian_Eschatology.docx → The-Millennial-Week-CHILIASM-In-the-Early-Christian-Eschatology.docx
[298/383] RENAMED: The_Millennial_Week_Sabbath_Rest_Equals_Chiliasm.docx → The-Millennial-Week-Sabbath-Rest-Equals-Chiliasm.docx
[299/383] RENAMED: The_New_Jerusalem_is_Jerusalem_Restored.docx → The-New-Jerusalem-is-Jerusalem-Restored.docx
[300/383] RENAMED: The_Noah_Flood_Was_Global.docx → The-Noah-Flood-Was-Global.docx
[301/383] RENAMED: The_Nuremberg_Code_The_Rights_of_Individuals_Must_Come_First.docx → The-Nuremberg-Code-The-Rights-of-Individuals-Must-Come-First.docx
[302/383] RENAMED: The_Olivet_Discourse_Matthew_24_and_Mark_13.docx → The-Olivet-Discourse-Matthew-24-and-Mark-13.docx
[303/383] RENAMED: The_One_True_God_is_the_Father.docx → The-One-True-God-is-the-Father.docx
[304/383] RENAMED: The_Origin_of_the_Pretribulation_Rapture_with_Evidence.docx → The-Origin-of-the-Pretribulation-Rapture-with-Evidence.docx
[305/383] RENAMED: The_Pagan_Hope_of_Heaven_Infects_the_Churches.docx → The-Pagan-Hope-of-Heaven-Infects-the-Churches.docx
[306/383] RENAMED: The_Passover_Controversy_among_the_Early_Church_Assemblies.docx → The-Passover-Controversy-among-the-Early-Church-Assemblies.docx
[307/383] RENAMED: THE_PCR_SCAM_PCR_DOES_NOT_DETECT_SARS_COV_2.docx → THE-PCR-SCAM-PCR-DOES-NOT-DETECT-SARS-COV-2.docx
[308/383] RENAMED: The_Permanent_Land_Inheritance_in_the_Prophets.docx → The-Permanent-Land-Inheritance-in-the-Prophets.docx
[309/383] RENAMED: The_Power_of_the_Gospel_Calvinism_Series_Part_8.docx → The-Power-of-the-Gospel-Calvinism-Series-Part-8.docx
[310/383] RENAMED: The_Real_Meaning_of_Katabole_Translated_Foundation_in_1_Peter_120.docx → The-Real-Meaning-of-Katabole-Translated-Foundation-in-1-Peter-120.docx
[311/383] RENAMED: The_Rich_Man_and_Lazarus_by_Edward_Fudge.docx → The-Rich-Man-and-Lazarus-by-Edward-Fudge.docx
[312/383] RENAMED: The_Rich_Man_Lazarus_is_Not_a_Picture_of_Heaven_and_Hell_Luke_1619_31.docx → The-Rich-Man-Lazarus-is-Not-a-Picture-of-Heaven-and-Hell-Luke-1619-31.docx
[313/383] RENAMED: The_Right_Balance_between_Paganism_Bondage_with_Respect_to_Biblical_Feasts.docx → The-Right-Balance-between-Paganism-Bondage-with-Respect-to-Biblical-Feasts.docx
[314/383] RENAMED: The_Son_of_God_in_Matthew_Mark_and_Luke.docx → The-Son-of-God-in-Matthew-Mark-and-Luke.docx
[315/383] RENAMED: The_Spirit_Breath_of_God.docx → The-Spirit-Breath-of-God.docx
[316/383] RENAMED: The_Ten_Commandments_Under_the_New_Covenant.docx → The-Ten-Commandments-Under-the-New-Covenant.docx
[317/383] RENAMED: The_Term_Man_in_the_NT.docx → The-Term-Man-in-the-NT.docx
[318/383] RENAMED: The_Twenty_Four_Elders_Do_They_Represent_the_Raptured_Church_in_Heaven.docx → The-Twenty-Four-Elders-Do-They-Represent-the-Raptured-Church-in-Heaven.docx
[319/383] RENAMED: The_Wheat_and_Tares_Parable_Speaks_of_1_Rapture.docx → The-Wheat-and-Tares-Parable-Speaks-of-1-Rapture.docx
[320/383] RENAMED: The_Word_Tenses_of_Salvation.docx → The-Word-Tenses-of-Salvation.docx
[321/383] RENAMED: Three_Kinds_of_Men_Gnosticism_Part_6.docx → Three-Kinds-of-Men-Gnosticism-Part-6.docx
[322/383] RENAMED: Tongues_Prayer_Language_Versus_Public_Gift.docx → Tongues-Prayer-Language-Versus-Public-Gift.docx
[323/383] RENAMED: Tongues_Throughout_Church_History.docx → Tongues-Throughout-Church-History.docx
[324/383] RENAMED: Torah_Covenants_and_the_Hebrew_Roots_Movement_Using_Galatians_3.docx → Torah-Covenants-and-the-Hebrew-Roots-Movement-Using-Galatians-3.docx
[325/383] RENAMED: Total_Depravity_Calvinism_Part_2.docx → Total-Depravity-Calvinism-Part-2.docx
[326/383] RENAMED: Unconditional_Election_Calvinism_Part_3.docx → Unconditional-Election-Calvinism-Part-3.docx
[327/383] RENAMED: Was_Jesus_in_the_Grave_3_Days_and_Nights_like_Jonah.docx → Was-Jesus-in-the-Grave-3-Days-and-Nights-like-Jonah.docx
[328/383] RENAMED: Was_the_Devils_Name_Really_Lucifer.docx → Was-the-Devils-Name-Really-Lucifer.docx
[329/383] RENAMED: We_all_have_Theological_Filters.docx → We-all-have-Theological-Filters.docx
[330/383] RENAMED: We_Dont_Pray_to_Jesus.docx → We-Dont-Pray-to-Jesus.docx
[331/383] RENAMED: We_Have_No_Need_Of_Teachers.docx → We-Have-No-Need-Of-Teachers.docx
[332/383] RENAMED: We_need_to_Resist_Entropy_as_Christians.docx → We-need-to-Resist-Entropy-as-Christians.docx
[333/383] RENAMED: Were_Samuel_Moses_Elijah_Abraham_Isaac_and_Jacob_Alive_Before_the_Resurrection.docx → Were-Samuel-Moses-Elijah-Abraham-Isaac-and-Jacob-Alive-Before-the-Resurrection.docx
[334/383] RENAMED: What_and_When_are_the_First_and_Second_resurrections_in_the_Bible.docx → What-and-When-are-the-First-and-Second-resurrections-in-the-Bible.docx
[335/383] RENAMED: What_are_the_differences_between_the_Sadducees_and_Pharisees.docx → What-are-the-differences-between-the-Sadducees-and-Pharisees.docx
[336/383] RENAMED: What_are_Vitamins_and_Why_do_we_Need_Them.docx → What-are-Vitamins-and-Why-do-we-Need-Them.docx
[337/383] RENAMED: What_did_Irenaeus_Believe.docx → What-did-Irenaeus-Believe.docx
[338/383] RENAMED: What_does_Sola_Scriptura_really_mean.docx → What-does-Sola-Scriptura-really-mean.docx
[339/383] RENAMED: What_do_you_know_about_Fluoride.docx → What-do-you-know-about-Fluoride.docx
[340/383] RENAMED: What_Eternal_Life_Really_Means_Life_in_the_Age_to_Come_Our_Inheritance.docx → What-Eternal-Life-Really-Means-Life-in-the-Age-to-Come-Our-Inheritance.docx
[341/383] RENAMED: What_Happens_When_we_Die.docx → What-Happens-When-we-Die.docx
[342/383] RENAMED: What_is_a_Graven_Image.docx → What-is-a-Graven-Image.docx
[343/383] RENAMED: What_is_at_Stake_Gnosticism_Part_8.docx → What-is-at-Stake-Gnosticism-Part-8.docx
[344/383] RENAMED: What_is_Biblical_Immortality.docx → What-is-Biblical-Immortality.docx
[345/383] RENAMED: What_is_Dispensationalism.docx → What-is-Dispensationalism.docx
[346/383] RENAMED: What_is_Going_on_in_the_World_Braxton_Hicks_Contractions.docx → What-is-Going-on-in-the-World-Braxton-Hicks-Contractions.docx
[347/383] RENAMED: What_is_Hebrew_chiasm_chiastic_chiasmus_structure_in_the_Bible.docx → What-is-Hebrew-chiasm-chiastic-chiasmus-structure-in-the-Bible.docx
[348/383] RENAMED: What_is_Historic_Premillennialism.docx → What-is-Historic-Premillennialism.docx
[349/383] RENAMED: What_is_Love_as_Defined_by_the_Bible.docx → What-is-Love-as-Defined-by-the-Bible.docx
[350/383] RENAMED: What_Is_Preaching_the_Gospel.docx → What-Is-Preaching-the-Gospel.docx
[351/383] RENAMED: What_is_Repentance.docx → What-is-Repentance.docx
[352/383] RENAMED: What_is_Spirit_in_the_Bible.docx → What-is-Spirit-in-the-Bible.docx
[353/383] RENAMED: What_is_the_Anointing.docx → What-is-the-Anointing.docx
[354/383] RENAMED: What_is_the_Problem_with_Sugar.docx → What-is-the-Problem-with-Sugar.docx
[355/383] RENAMED: What_makes_you_think_Christianity_is_the_only_way_to_God.docx → What-makes-you-think-Christianity-is-the-only-way-to-God.docx
[356/383] RENAMED: When_did_God_First_Allow_Man_to_Eat_Meat.docx → When-did-God-First-Allow-Man-to-Eat-Meat.docx
[357/383] RENAMED: When_is_the_Rapture_is_really_a_Question_about_when_the_dead_are_Resurrected.docx → When-is-the-Rapture-is-really-a-Question-about-when-the-dead-are-Resurrected.docx
[358/383] RENAMED: When_is_the_Resurrection_from_the_Dead.docx → When-is-the-Resurrection-from-the-Dead.docx
[359/383] RENAMED: When_Was_the_Book_of_Revelation_Written.docx → When-Was-the-Book-of-Revelation-Written.docx
[360/383] RENAMED: Where_is_the_Church_in_the_Book_of_Revelation.docx → Where-is-the-Church-in-the-Book-of-Revelation.docx
[361/383] RENAMED: Which_Commandments_do_We_Keep.docx → Which-Commandments-do-We-Keep.docx
[362/383] RENAMED: Which_part_of_the_Tribulation_are_the_1260_days_42_months_and_a_time_times_half_time.docx → Which-part-of-the-Tribulation-are-the-1260-days-42-months-and-a-time-times-half-time.docx
[363/383] RENAMED: Who_and_What_causes_Sickness.docx → Who-and-What-causes-Sickness.docx
[364/383] RENAMED: Who_are_the_24_Elders_in_Revelation_58.docx → Who-are-the-24-Elders-in-Revelation-58.docx
[365/383] RENAMED: Who_Is_a_Christian.docx → Who-Is-a-Christian.docx
[366/383] RENAMED: Who_is_the_Alpha_and_Omega_in_Revelation.docx → Who-is-the-Alpha-and-Omega-in-Revelation.docx
[367/383] RENAMED: Who_were_the_Samaritans.docx → Who-were-the-Samaritans.docx
[368/383] RENAMED: Who_will_Inherit_the_Kingdom_of_God.docx → Who-will-Inherit-the-Kingdom-of-God.docx
[369/383] RENAMED: Why_a_Biblical_Positive_Confession_Matters.docx → Why-a-Biblical-Positive-Confession-Matters.docx
[370/383] RENAMED: Why_Are_Passover_And_Easter_Celebrated_At_Different_Times.docx → Why-Are-Passover-And-Easter-Celebrated-At-Different-Times.docx
[371/383] RENAMED: Why_Christians_dont_want_to_speak_in_Tongues_Objection_1.docx → Why-Christians-dont-want-to-speak-in-Tongues-Objection-1.docx
[372/383] RENAMED: Why_Did_the_Apostles_Keep_Jewish_Traditions_and_Laws.docx → Why-Did-the-Apostles-Keep-Jewish-Traditions-and-Laws.docx
[373/383] RENAMED: Why_does_Matthew_use_the_Kingdom_of_Heaven_and_not_Kingdom_of_God.docx → Why-does-Matthew-use-the-Kingdom-of-Heaven-and-not-Kingdom-of-God.docx
[374/383] RENAMED: Why_does_Matthew_use_the_Kingdom_of_Heaven.docx → Why-does-Matthew-use-the-Kingdom-of-Heaven.docx
[375/383] RENAMED: Why_Doesnt_the_Trinity_Have_Three_Thrones_in_Heaven.docx → Why-Doesnt-the-Trinity-Have-Three-Thrones-in-Heaven.docx
[376/383] RENAMED: Why_do_we_Have_Two_Teachings_on_The_Rapture.docx → Why-do-we-Have-Two-Teachings-on-The-Rapture.docx
[377/383] RENAMED: Why_people_think_the_Dead_are_Alive_Near_Death_Experiences.docx → Why-people-think-the-Dead-are-Alive-Near-Death-Experiences.docx
[378/383] RENAMED: Why_the_Human_Jesus_is_called_Son_of_God.docx → Why-the-Human-Jesus-is-called-Son-of-God.docx
[379/383] RENAMED: Why_Would_Anyone_Want_to_Be_a_Christian.docx → Why-Would-Anyone-Want-to-Be-a-Christian.docx
[380/383] RENAMED: Will_We_Become_Immortal_in_the_Resurrection.docx → Will-We-Become-Immortal-in-the-Resurrection.docx
[381/383] RENAMED: Will_you_take_Red_Pill_Part_2.docx → Will-you-take-Red-Pill-Part-2.docx
[382/383] RENAMED: Will_you_Take_the_RED_PILL_Part_1.docx → Will-you-Take-the-RED-PILL-Part-1.docx
[383/383] RENAMED: Womens_Role_in_1_Timothy_28_15.docx → Womens-Role-in-1-Timothy-28-15.docx

=========================
Summary:
- Total files: 383
- Renamed: 383
- Skipped: 0
=========================
